"osm_id";"code";"fclass";"name";"website";"webiste2";"descr_ger";"descr_eng";"maps";"mapcategory";"lon";"lat"
"495333507";2304;"bar";"Irish Pub Bornheim";"http://www.irishpubbornheim.de/";"https://www.instagram.com/irish_pub_bornheim/";"Irish Pub mit internationalee Küche, Livesport und Musik. Jeden Donnerstag Pub-Quiz";"Irish pub with international cuisine, live sport and music. Pub quiz every Thursday";"https://g.page/irishpubbornheim?share";"bars_and_pubs";8.71151529969137;50.1287359004415
"540613359";2304;"bar";"The Fox and Hound";"http://www.foxpub.de/";"https://www.instagram.com/foxandhoundpub/";"Typischer englischer Pub mit Fish and Chips und Bier sowie Sportübertragungen";"Typical English pub with fish and chips and beer and sports broadcasts";"https://goo.gl/maps/uByGA4iGWKA6gj9S7";"bars_and_pubs";8.66309029957773;50.1113225003332
"1109640487";2304;"bar";"o'reilly's irish pub";"https://www.oreillys.com/frankfurt";"https://www.instagram.com/oreillysfrankfurt/";"Gemütlicher Pub mit stilvollem Holzmobiliar, Sport-TV und Karaoke";"Cosy pub with stylish wooden furniture, sports TV and karaoke";"https://g.page/oreillysfrankfurt?share";"bars_and_pubs";8.66565289976154;50.1065903001023
"2295978111";2305;"bar";"Good Times For Good People";"https://www.instagram.com/goodtimes_for_goodpeople/";NA;"Cocktails und Kuchen in trendigem Ambiente mit originellem Dekor und großem Außenbereich";"Cocktails and cakes in a trendy ambience with original décor and a large outdoor area";"https://goo.gl/maps/W1QehbFW7UnW7qU26";"bars_and_pubs";8.67882809993694;50.1173398002916
NA;0;"bar";"Jambo Bar";"https://www.instagram.com/barjambo/";NA;"Gesellige Bar in urbanem Ambiente mit über 60 Sorten Gin und Swahili-Streetfood";"Sociable bar in an urban ambience with over 60 types of gin and Swahili street food";"https://g.page/JamboBarFrankfurt?share";"bars_and_pubs";8.66885443504383;50.1078800995369
NA;0;"bar";"Sam's Sport Bar";"http://www.samssportsbar.de/";NA;"Samstags ist meistens Latin Night, d.h. ein DJ mit lateinamerikanischer Musik, Reggeton, Salsa usw.";"Mostly on saturdays there is Latin night, So that means a DJ with latin music, reggeton, salsa etc.";"https://g.page/samssportsbar?share";"bars_and_pubs";8.68511590242393;50.1169938683892
NA;0;"bar";"Doctor Flotte";"http://doctor-flotte.9gg.de/";NA;"Rauchen ist drinnen erlaubt und es laufen viele Fußballspiele auf dem Beamer";"Smoking inside is permitted and lots of football matches in the projector";"https://goo.gl/maps/MeZQaRQT9DMGFra6A";"bars_and_pubs";8.65030665410775;50.1205308050685
NA;0;"bar";"Yok Yok City Kiosk";"https://www.yokyoktreats.com/";NA;"Günstige Getränke in guter Umgebung";"Really cheap drinks with a really good environment";"https://goo.gl/maps/W8sGY1CniPCNMSuC7";"bars_and_pubs";8.66839144747755;50.1075945443317
NA;0;"bar";"Yok Yok Eden";"https://www.yokyoktreats.com/";NA;"Open-Air Kneipe mit großem Freisitz";"Open-air pub with large outdoor seating area";"https://goo.gl/maps/Lm4iPVRzexhtr86P8";"bars_and_pubs";8.66634820294825;50.1054709007639
NA;0;"bar";"Amarula Bar";"http://www.amarula-bar.de/";NA;"Gemütlicher Treffpunkt, bekannt für Getränke auf Amarula-Basis und DJs, die ein breites Spektrum an Genres spielen.";"Convivial hangout known for amarula-based drinks, plus DJs playing wide-ranging genres.";"https://goo.gl/maps/HiymG7zWXzZPmHDz5";"bars_and_pubs";8.68243910016409;50.115942182429
NA;0;"bar";"Bristol Bar";"https://www.bristol-hotel.de/bristol-bar/";NA;"Klein aber fein, kompetente Barkeeper, gute Musik und Stimmung, Rauchen erlaubt";"Small but fancy, competent bartenders, good music and vibes, smoking allowed";"https://goo.gl/maps/p3M17Xn4Sd8DLJfk7";"bars_and_pubs";8.65861279724048;50.1077326572442
"636868036";2303;"cafe";"The Holy Cross Brewing Society";"https://www.instagram.com/the_holy_cross_brewing_society/";NA;"Hausmischungen, sortenreine Kaffees, Gebäck und Milchschaumkreationen in einem Café im Industriestil";"House blends, single-origin coffees, pastries and milk foam creations in an industrial-style café";"https://goo.gl/maps/79ngtJBmyhf24yxBA";"cafes";8.6871584004399;50.1101792003099
"1581300039";2502;"cafe";"Zeit für Brot";"https://zeitfuerbrot.com/";"https://www.instagram.com/zeitfuerbrot/";"Traditionelle Bio-Bäckerei mit Kaffee und leckerem Brot";"Traditional organic bakery with coffee and delicious bread";"https://goo.gl/maps/39SYBubFtgf9MTZG6";"cafes";8.67955210004942;50.1194276996287
"1647258178";2303;"cafe";"Wacker";"https://www.wackers-kaffee.com/cafes#Stammhaus";"https://www.wackers-kaffee.com/cafes#Stammhaus";"Kaffee-Rösterei mit Platz zum Verweilen, bei einer feinen Tasse Kaffee, einem leckeren Frühstück oder süßen Naschereien";"Coffee roastery with space to linger over a fine cup of coffee, a delicious breakfast or sweet pastries";"https://goo.gl/maps/3PqYNfi4xQuH3eA9A";"cafes";8.67843749322574;50.1043264570249
"2647301987";2502;"cafe";"Zeit für Brot";"https://zeitfuerbrot.com/";"https://www.instagram.com/zeitfuerbrot/";"Traditionelle Bio-Bäckerei mit Kaffee und leckerem Brot";"Traditional organic bakery with coffee and delicious bread";"https://goo.gl/maps/SgGpovZzx5Hpvxxh7";"cafes";8.67946180002212;50.10318960012
"3118018338";2303;"cafe";"19zehn";"https://www.cafeneunzehn.de/";"https://www.instagram.com/19zehn/";"Kaffee, Bagel und Kuchen in einem kleinen gemütlichen Café";"Coffee, bagel and cake in a cosy little café";"https://goo.gl/maps/2RME2Tx4wWtmvPuNA";"cafes";8.66181520031131;50.1086621996009
"3818834727";2303;"cafe";"Hoppenworth & Ploch";"https://hoppenworth-ploch.de/";"https://www.instagram.com/hoppenworthundploch/";"Kaffeerösterei mit nachhaltig produzierten Kaffees aus der ganzen Welt";"Coffee roastery with sustainably produced coffees from around the world";"https://goo.gl/maps/gMViiTtSWmFSTdTc7";"cafes";8.6919305998174;50.1247934002952
"3861270451";2303;"cafe";"Brühmarkt";"https://www.bruehmarkt.com/";"https://www.instagram.com/bruehmarkt/";"Geröstete und gemahlene Kaffeebohnen in modernem Café mit Terrasse, Kuchen und Obstsalat (auch zum Mitnehmen)";"Roasted and ground coffee beans in modern café with terrace, cakes and fruit salad (also for take away)";"https://g.page/bruehmarkt?share";"cafes";8.64965319973544;50.1202952000635
"6911937330";2303;"cafe";"Hoppenworth & Ploch";"https://hoppenworth-ploch.de/";"https://www.instagram.com/hoppenworthundploch/";"Kaffeerösterei mit nachhaltig produzierten Kaffees aus der ganzen Welt";"Coffee roastery with sustainably produced coffees from around the world";"https://goo.gl/maps/Fwatma6dVNSVZ3Bs6";"cafes";8.68374639957671;50.1109280999519
"9136094917";2502;"cafe";"Zeit für Brot";"https://zeitfuerbrot.com/";"https://www.instagram.com/zeitfuerbrot/";"Traditionelle Bio-Bäckerei mit Kaffee und leckerem Brot";"Traditional organic bakery with coffee and delicious bread";"https://goo.gl/maps/zBrarui66FpqwVv57";"cafes";8.67077500016615;50.1091578996174
NA;0;"cafe";"Eis Fontanella";"http://www.eisfontanella-frankfurt.de/";NA;"Milch- und Fruchteis sowie Strudel und Waffeln in einem etablierten Eiscafé mit Außenbereich";"Milk and fruit ice cream as well as strudel and waffles in an established ice cream café with outdoor area";"https://goo.gl/maps/hHsakp61C1G9qTSw5";"cafes";8.67121884118514;50.1088867124502
NA;0;"cafe";"Coffee Fellows";"https://coffee-fellows.com/locations/coffee-fellows-frankfurt-hbf";NA;"Leckerer Kaffee, Bagels und Frühstück";"Delicious coffee, bagels and breakfast";"https://goo.gl/maps/B49iExe67MCVnv9NA";"cafes";8.67542403371602;50.1109483069146
NA;0;"cafe";"Cafe Maingold";"http://www.cafe-maingold.de/";NA;"Charmantes Café im Vintage-Stil mit begrünter Terrasse, auf der Sonntagsbrunch, Snacks und Cocktails serviert werden";"Charming vintage-style café with leafy terrace serving Sunday brunch, snacks and cocktails";"https://goo.gl/maps/hdCThoDZXsCmnUVF8";"cafes";8.69382227418266;50.1150432811971
NA;0;"cafe";"Casa de Portugal";"https://www.casadeportugal.de/";NA;"Kulinarische Ergüsse aus Portugal, erlesene Weine und eine exklusiven Auswahl an Käse, in einem Ambiente wie im Urlaub";"Culinary delights from Portugal, exquisite wines and an exclusive selection of cheeses, in an ambience like on vacation";"https://g.page/casadeportugalfrankfurt?share";"cafes";8.68706201030323;50.1045140242948
NA;0;"restaurant";"Apfelwein Solzer";"http://www.solzer-frankfurt.de/";NA;"Alteingesessenes Wirtshaus mit traditionellem Apfelwein und klassischer Frankfurter Küche, mit Gartenbestuhlung";"Old-established pub serving traditional cider and classic Frankfurt cuisine, with garden seating.";"https://goo.gl/maps/9q8u9qX9vxrhHiKQ9";"german_restaurants";8.71121118047129;50.128330749408
NA;0;"restaurant";"Frau Rauscher";"https://www.frau-rauscher.com/";NA;"Große Teller, recht günstig und wirklich nettes Personal";"Big plates, quite cheap and really nice staff";"https://goo.gl/maps/BKV3nZRePQKAkMx1A";"german_restaurants";8.69154359817529;50.1052102969842
NA;0;"restaurant";"Apfelwein-Wirtschaft Fichtekränzi";"http://www.fichtekraenzi.de/";NA;"Apfelwein und Klassiker wie Frankfurter und Schnitzel in einem gemütlichen Gasthaus aus dem 19. Jh. mit Garten";"Cider and classics like frankfurters and schnitzel in a cozy 19th century inn with a garden";"https://goo.gl/maps/ae3HcZWaAKr8XtYRA";"german_restaurants";8.68922227976324;50.1047659137646
NA;0;"restaurant";"Zu den 12 Aposteln";"http://www.12aposteln-frankfurt.de/";NA;"Regionale deutsche Fleischspezialitäten und hausgebraute Biere in einer lebhaften, rustikalen Brauereischenke";"Regional German meat specialties and home-brewed beers in a lively, rustic brewery pub.";"https://g.page/Zuden12Apostel?share";"german_restaurants";8.68635362549191;50.1173801177537
NA;0;"restaurant";"Zum Lahmen Esel";"https://www.lahmer-esel.de/Speisekarte";NA;"Traditionelle Gerichte und Wurstteller in einem freundlichen, rustikalen Lokal im Landhausstil mit Biergarten";"Traditional dishes and sausage plates in a friendly, rustic country-style restaurant with a beer garden.";"https://g.page/LahmerEsel?share";"german_restaurants";8.62193189389554;50.1694485743434
NA;0;"restaurant";"Restaurant Klosterhof";"https://www.klosterhof-frankfurt.de/";NA;"Schnitzel, Rinderrouladen und Kartoffelgerichte in einer traditionsreichen, holzgetäfelten Gaststätte mit Biergarten";"Schnitzel, beef roulades and potato dishes in a traditional, wood-paneled restaurant with a beer garden";"https://goo.gl/maps/AxS6qGhpixo3tXpQ7";"german_restaurants";8.6771265602189;50.1094350986117
NA;0;"restaurant";"Zum Gemalten Haus";"https://www.zumgemaltenhaus.de/";NA;"Traditionelle Wurst, Fleischspeisen und Apfelwein in einem holzgetäfelten Lokal aus den 1930ern mit Wandbildern";"Traditional sausage, meat dishes and cider in a 1930s wood-paneled pub with murals";"https://goo.gl/maps/nZQ3h59XHswQP8AN9";"german_restaurants";8.68187680036785;50.1007044750641
NA;0;"restaurant";"Apfelwein Wagner";"https://www.apfelwein-wagner.com/";NA;"Deftige deutsche Küche sowie Wein, Bier und Apfelwein aus der Region in einem einfachen Wirtshaus mit Straßenterrasse";"Hearty German cuisine as well as wine, beer and cider from the region in a simple inn with a street terrace";"https://goo.gl/maps/VWAMVTD8PruUAqUx5";"german_restaurants";8.68199684160653;50.1005201246533
NA;0;"restaurant";"Gaststätte Atschel";"http://www.atschel-frankfurt.de/";NA;"Typische deutsche Gerichte in einem traditionellen Apfelweinlokal aus dem 19. Jh. mit Holztäfelung und Garten";"Typical German dishes in a traditional 19th century cider pub with wood paneling and garden.";"https://goo.gl/maps/ZLK6tXytMRQgQ9BK6";"german_restaurants";8.68890902591553;50.1048073738334
"292045695";2301;"restaurant";"Comai";"https://www.comai.de/";"https://www.instagram.com/comaiskitchen/";"Moderne vietnamesische Küche";"Modern vietnamese cuisine";"https://goo.gl/maps/TrbqekZTy3HFxyiC8";"international_restaurants";8.71220250044507;50.1113133002686
"302803335";2301;"restaurant";"Papanova";"https://www.papanova-frankfurt.de/";"https://www.instagram.com/papanova_nordend/";"Zwangloses italienisches Restaurant für Pizza, Pasta und Risotto sowie Grillgerichte und Desserts";"Casual Italian restaurant for pizza, pasta and risotto as well as grilled dishes and desserts";"https://goo.gl/maps/7oJQup15esXAgWpF6";"international_restaurants";8.68532460005031;50.1275841000262
"411722094";2301;"restaurant";"Namaste India";"https://namasteindiafrankfurt.com/";"https://www.instagram.com/namastefrankfurt/";"Tandoori-Gerichte und würzige Currys in einem gemütlichen indischen Restaurant mit Straßenterrasse";"Tandoori dishes and spicy curries in a cosy Indian restaurant with street terrace";"https://goo.gl/maps/7nMXFcUJzDPsCYad8";"international_restaurants";8.6474802002511;50.1185273001948
"463199462";2301;"restaurant";"Joe Peña’s Cantina y Bar";"https://frankfurt.joepenas.de/";"https://www.instagram.com/joepenas_frankfurt/";"Fleisch vom Grill, Fajitas und Cocktails im mexikanischen Restaurant mit großer Bar und Terrasse";"Grilled meat, fajitas and cocktails in the Mexican restaurant with large bar and terrace";"https://goo.gl/maps/Qde6GCiHP2N77rgBA";"international_restaurants";8.64898730032371;50.1170397999468
"626130028";2301;"restaurant";"Mikuni";"https://de-de.facebook.com/Mikunirestaurant";"https://de-de.facebook.com/Mikunirestaurant";"Zwangloses, modernes Sushi-Restaurant mit Tempura und japanischem Bier";"Casual, modern sushi restaurant with tempura and Japanese beer";"https://goo.gl/maps/DPypDKAGBpzUdmps7";"international_restaurants";8.68599820035672;50.113091400248
"626623990";2301;"restaurant";"Im Herzen Afrikas";"https://imherzenafrikas-frankfurt.de/";"https://www.instagram.com/imherzenafrikasfrankfurt/";"Im einzigartigen afrikanischen Dekor werden Gerichte aus Eritrea ohne Besteck vom gemeinsamen Teller verzehrt";"In the unique African décor, dishes from Eritrea are eaten from a shared plate without cutlery";"https://goo.gl/maps/boCQUpaLDaftL8ZV8";"international_restaurants";8.67154639994646;50.1074395002328
"1581300048";2301;"restaurant";"Super Bro's";"https://super-bros.de/";"https://www.instagram.com/superbrosfrankfurt/";"Neapolitanische Pizza mit veganen Alternativen in einer belebten, rustikalen Atmosphäre";"Neapolitan pizza with vegan alternatives in a lively, rustic atmosphere";"https://goo.gl/maps/rvRGHUyNKXtWiHAE9";"international_restaurants";8.68024409958559;50.121797499555
"1901984458";2301;"restaurant";"Der fette Bulle";"https://derfettebulle.de/";"https://www.instagram.com/derfettebulle/";"Belebtes Lokal im schicken Industriestil, mit deftigen Burgern sowie Bier und Pommes";"Lively pub in chic industrial style, with hearty burgers, beer and chips";"https://g.page/derfettebullefrankfurt?share";"international_restaurants";8.66650200006728;50.1077157000196
"6517772600";2301;"restaurant";"Café Caramel";"https://cafe-caramel-ffm.de/";"https://www.instagram.com/cafecaramel_ffm/";"Einladendes Café mit leckerem Frühstücksangebot";"Cosy café with a delicious breakfast menu";"https://g.page/cafe-caramel?share";"international_restaurants";8.68135299964126;50.1244185997386
"6566603467";2301;"restaurant";"Bar Shuka";"https://barshuka.com/";"https://www.instagram.com/shukabar/";"Orientalische Fusionsküche in einem von Frauen geführten Restaurant mit origineller Einrichtung und Holzterrasse";"Oriental fusion cuisine in a women-run restaurant with original décor and wooden terrace";"https://goo.gl/maps/ABX3ucJTEa4EACFx6";"international_restaurants";8.66333020002878;50.1095037995607
NA;0;"restaurant";"Da Cimino";"https://www.pizzeria-da-cimino.de/";"https://www.instagram.com/dacimino_/";"Beliebtes Lokal mit üppigen Pizzas aus dem offenen Steinofen sowie Pastagerichten und einer Sommerterrasse";"Popular restaurant with sumptuous pizzas from the open stone oven as well as pasta dishes and a summer terrace";"https://goo.gl/maps/rJDLdc5cekDkvVmL6";"international_restaurants";8.64564406435277;50.119313397283
NA;0;"restaurant";"Main Nizza";"http://mainnizza.de/";NA;"Klassische Gerichte und Wein in einem stilvollen Restaurant am Fluss mit Terrasse und Balkon";"Classic dishes and wine in a stylish riverside restaurant with terrace and balcony";"https://goo.gl/maps/EpBytektGcDmbzJq6";"international_restaurants";8.6738164419076;50.1064799364205
NA;0;"restaurant";"Zeil Kitchen";"https://www.zeil-kitchen.de/";NA;"Belebtes, urbanes Bistro mit pflanzlichen Burgern, kreativen veganen Snacks und minimalistischem Künstlerflair";"Bustling urban bistro with plant-based burgers, creative vegan snacks and minimalist artist flair";"https://goo.gl/maps/etevdeQaHLLymusu6";"international_restaurants";8.6846930456218;50.1146861831054
NA;0;"restaurant";"L'Osteria";"https://losteria.net/de/";NA;"Große Pizzen und nette Atmosphäre, direkt am Fluss";"Big pizzas and nice atmosphere, right next to river";"https://goo.gl/maps/xQ4uj3fbhNindW5z6";"international_restaurants";8.66346612917294;50.1012093402
NA;0;"restaurant";"Thai Fun";"http://www.thaifun-halal.de/";NA;"Thailändische Halal-Klassiker wie Nudelsuppen, Pfannengerichte und Currys in einem zwanglosen Restaurant";"Thai halal classics like noodle soups, stir-fries and curries in a casual restaurant";"https://g.page/thai-restaurant-frankfurt?share";"international_restaurants";8.66854670079324;50.1077858385958
NA;0;"restaurant";"BACCO";"http://www.bacco-frankfurt.de/";NA;"Traditionelle italienische Spezialitäten in einem kleinen, gemütlichen Restaurant mit Tischen am Gehweg";"Traditional Italian specialities in a small, cosy restaurant with tables on the sidewalk";"https://goo.gl/maps/1gHQRLfpgXhNaEhs8";"international_restaurants";8.66885997980521;50.1086924070641
NA;0;"restaurant";"Chilinh Sushi";"https://www.chilinh-restaurant.de/";NA;"Leckere Sushi-Spezialitäten in gemütlicher Atmosphäre";"Delicious sushi delights in a cosy atmosphere";"https://goo.gl/maps/b85Lm8Cc6eSfo8ng8";"international_restaurants";8.66816411226538;50.1081046623691
NA;0;"restaurant";"KOOGI";"https://www.koogi.de/";NA;"Koreanisches BBQ-Restaurant mit Kino daneben. Viele Beilagen zu einem erschwinglichen Preis (etwa 15 € pro Kopf für BBQ)";"Korean bbq restaurant with cinema next to it. A lot of side dishes for an affordable price (around 15€ per head for BBQ)";"https://goo.gl/maps/Bedz5b3CEQXP1wpa7";"international_restaurants";8.52461090734734;50.1208440054074
NA;0;"restaurant";"Frittenwerk";"https://www.frittenwerk.com/frankfurt.php";NA;"bietet eine große Auswahl an Pommes frites mit verschiedenen Belägen/Saucen";"offers a wide variety of fries with different toppings/sauces";"https://goo.gl/maps/Vy3UkMxATpYxksoc9";"international_restaurants";8.66526775076655;50.1077680953599
NA;0;"restaurant";"TRINITII Mosel";"https://www.trinitii.de/mosel/";NA;"Hawaiianisches Restaurant im Bahnhofsviertel";"Hawaiian restaurant in the Bahnhofsviertel";"https://g.page/trinitiiffm?share";"international_restaurants";8.66826495957899;50.1069417633441
NA;0;"restaurant";"Istanbul Fisch Grill";"https://istanbulfischgrill.eatbu.com/?lang=de";NA;"Fisch und Meeresfrüchte in großzügigen Portionen in einem kleinen, bodenständigen Restaurant";"Fish and seafood in generous portions in a small, homely restaurant";"https://goo.gl/maps/zoeX1yy6NqtWp8jw9";"international_restaurants";8.66942888767285;50.1075988697121
NA;0;"restaurant";"Bayram Kebap Haus";"http://www.bayram-kebap-haus.de/de/";NA;"Dönerteller und türkische Pizza sowie typische Desserts und Getränke in schlichtem Lokal mit Tischen an der Straße";"Kebab plates and Turkish pizza as well as typical desserts and drinks in a simple restaurant with tables on the street.";"https://goo.gl/maps/69cxeKu47zcKAeZeA";"international_restaurants";8.66921440506712;50.1075475803933
NA;0;"restaurant";"Currywurst Taunus 25";"https://currywurst-frankfurt.de/";NA;"Currywurst mit frittierten Pommes, Würsten vom Landmetzger und eigenem Landbauernbrot und Soße";"Curry sausage with deep-fried chips, sausages from the country butcher and our own country farmer's bread and sauce";"https://goo.gl/maps/gpfBXch3LjZ4zgLK7";"international_restaurants";8.667358664261;50.1092681039045
NA;0;"restaurant";"Sen";"http://sen-frankfurt.de/";NA;"Frühlingsrollen, Pho-Suppen und Kokoscurrys in kompaktem, modernem Lokal mit farbenfroher fernöstlicher Kunst";"Spring rolls, pho soups and coconut curries in a compact, modern venue with colourful Far Eastern art.";"https://goo.gl/maps/gK2L51pUMJVpdmGJA";"international_restaurants";8.66844972795103;50.1095058998369
NA;0;"restaurant";"Sapôres Sàigòn Street Food";"http://www.sapores-streetfood.de/";NA;"Authentische vietnamesische Gerichte und Street Food";"Authentic Vietnamese dishes and street food";"https://goo.gl/maps/mAFj4wAn7v6XGj4Y6";"international_restaurants";8.66598080562099;50.107945645189
NA;0;"restaurant";"Thai Imbiss Pattaya";"https://pattaya-imbiss.com/";NA;"Thailändisches Imbisslokal mit Tischen am Gehweg und großer Auswahl an traditionellen Thai-Gerichten zum Mitnehmen";"Thai diner with sidewalk tables and large selection of traditional Thai dishes for takeaway";"https://goo.gl/maps/6Gvbv5djrjCv71Gy5";"international_restaurants";8.66820724034118;50.1096014658262
NA;0;"restaurant";"eatDOORI";"http://www.eatdoori.com/";NA;"Indisches Streetfood in urbanem Ambiente und moderner Markthallenatmosphäre mit Lounge und offener Küche";"Indian street food in urban ambience and modern market hall atmosphere with lounge and open kitchen";"https://goo.gl/maps/ebNiuJLNBuWrCYE39";"international_restaurants";8.6689612573029;50.10834495197
NA;0;"restaurant";"Seoulfood";"https://www.seoulfood.eu/menu";NA;"Würzige Suppen, Maki und Bibimbap-Variationen in kleinem, minimalistischem Restaurant mit koreanischer Küche";"Spicy soups, maki and bibimbap variations at small, minimalist restaurant serving Korean cuisine";"https://g.page/SEOULFOOD-Korean-Food?share";"international_restaurants";8.66967181507374;50.1082493417501
NA;0;"restaurant";"dean&david";"https://deananddavid.de/";NA;"Eine Dean&David-Filiale";"A Dean&David Store";"https://goo.gl/maps/MogA5osswaaoXhsX7";"international_restaurants";8.67169918632815;50.1090250883073
NA;0;"restaurant";"chidoba Mexican Grill";"https://www.chidoba.com/";NA;"Mexikanisches Fast-Food Restaurant";"Mexican Fast Food restaurant";"https://goo.gl/maps/dZJ5FYTVMr7KmxHr5";"international_restaurants";8.66981957632272;50.1085731127221
NA;0;"restaurant";"Alim Fisch Imbiss";"https://www.alim-market.com/";NA;"Lebhafte türkische Snackbar mit gegrillten Fisch- und Meeresfrüchtegerichten aus dem Mittelmeerraum";"Lively Turkish snack bar with grilled fish and seafood dishes from the Mediterranean region";"https://g.page/Alimsfish?share";"international_restaurants";8.6685744705041;50.107401887528
NA;0;"restaurant";"Antru Noodle Bar";"https://vietnam-restaurant.net/";NA;"Ob es sich um die dampfenden Suppen von Ho-Chi-Minh-Stadt oder die duftenden Streetfood-Angebote von Hanoi handelt, vietnamesische Gerichte werden bei uns gerne gegessen";"Whether it's the steaming soups of Ho Chi Minh City or the fragrant street food offerings of Hanoi, Vietnamese dishes are a favorite with us";"https://g.page/antruvietnamrestaurant?share";"international_restaurants";8.70052258644817;50.1227548737687
NA;0;"restaurant";"Restaurant Buenos Aires";"https://www.restaurant-buenos-aires.de/";NA;"Fleischgerichte stehen im Mittelpunkt der Karte dieses argentinischen Lokals";"Meat dishes are the focus of the menu of this Argentine restaurant";"https://g.page/Restaurantbuenosairesfrankfurt?share";"international_restaurants";8.6922422100458;50.1049703457991
"370935986";2202;"nightlife";"MTW";"http://www.mtwclub.de/";"https://www.instagram.com/clubmtw/";"Technoclub mit wechselnden DJs und Dance Partys sowie einer Außenterrasse mit Blick auf den Main";"Techno club with changing DJs and dance parties as well as an outdoor terrace with a view of the River Main";"https://goo.gl/maps/jA62D3NP3JUjVtJi6";"nightlife";8.7388658999414;50.1116158996541
"370935987";2202;"nightlife";"Robert Johnson";"https://www.robert-johnson.de/";"https://www.instagram.com/robertjohnsonclub/";"Der etablierte Technoclub ist für hochkarätige Gast-DJs und seine Terrasse mit Mainblick beliebt";"This established techno club is popular for top-class guest DJs and its terrace with a view of the River Main";"https://goo.gl/maps/aMSqhSVCsNhRqn4d9";"nightlife";8.73912390014794;50.1117012003502
"1384063934";2202;"nightlife";"Tanzhaus West";"https://tanzhaus-west.de/";"https://www.instagram.com/tanzhaus.west/";"Club in einer ehemaligen Druckfarbenfabrik mit DJs, Jazzkonzerten und Musik im Garten";"Club in a former printing ink factory with DJs, jazz concerts and music in the garden";"https://g.page/tanzhaus-west-frankfurt?share";"nightlife";8.64640439974329;50.09802989996
"4233671530";2202;"nightlife";"Gibson";"https://gibson-club.de/";"https://www.instagram.com/gibsonclub/";"DJ-Sessions und Liveauftritte in einem Club im Lagerhausstil";"DJ sessions and live performances in a warehouse-style club";"https://goo.gl/maps/yN4AfKxwH973BwqU9";"nightlife";8.68220579975792;50.1141532001101
"5430554423";2202;"nightlife";"Velvet Club";"https://www.velvet-ffm.de/";"https://www.instagram.com/velvetfrankfurtclub/";"Moderner Party-Veranstaltungsort mit großen Tanzflächen und Resident DJs, die Clubmusik und Hip-Hop auflegen";"Modern party venue with large dance floors and resident DJs spinning club music and hip-hop";"https://goo.gl/maps/9ub1vj1rYrKfkiV6A";"nightlife";8.67552110031858;50.1093938997088
"9445008684";2202;"nightlife";"Zoom";"https://zoomfrankfurt.com/";"https://www.instagram.com/zoomclubfrankfurt/";"Veranstaltungsort für Konzerte mit tollem Sound";"Concert venue with great sound";"https://goo.gl/maps/mYDwMQjdfTGy7XPw9";"nightlife";8.75066129997907;50.1217355002931
NA;0;"nightlife";"FREUD";"https://freud.zone/";"https://www.instagram.com/freud.club/";"Cocktails, elektronische Musik und Techno in einem Nachtclub im rauen, industriellen Stil, der Raum für kreative Kunst bietet";"Cocktails, electronic music and techno in a rough, industrial-style nightclub that offers space for creative art";"https://goo.gl/maps/gV8EKbUc2pa1bhwR6";"nightlife";8.68268896096893;50.1138729468309
NA;0;"nightlife";"AMP";"http://www.ampyourself.de/";NA;"Bar und Café mit DJs, Events, Spiegelskulptur an der Decke, Licht-Installation und kleinen Gerichten";"Bar and café with DJs, events, mirror sculpture on the ceiling, light installation and small dishes";"https://goo.gl/maps/54msyPFr93QZ7TnE7";"nightlife";8.67158630222956;50.1090040696714
NA;0;"nightlife";"Silbergold";"http://www.silbergold-club.de/";NA;"Kleiner alternativer Club mit modernem Würfeldesign und einem Kickertisch im Foyer";"Small alternative club with modern cube design and a foosball table in the foyer";"https://goo.gl/maps/QbkDqQ3mNM58n4XGA";"nightlife";8.69099743918987;50.1155363752137
NA;0;"nightlife";"Batschkapp";"http://batschkapp.tickets.de/";NA;"Moderner Veranstaltungsort für Rockmusik mit Live-Programm und alternativen Clubnächten mit DJs";"Modern venue for rock music with live programme and alternative club nights with DJs";"https://goo.gl/maps/HkZ1M1DnPLK2mv1ZA";"nightlife";8.73917834244206;50.1354806083446
NA;0;"nightlife";"Karlson";"https://www.facebook.com/karlsonclub";NA;"In diesem pulsierenden Nachtclub mit DJ-Sets werden Spirituosen- und Sektflaschen mit Wunderkerzen angeboten";"Spirits and champagne bottles with sparklers are offered in this vibrant nightclub with DJ sets";"https://goo.gl/maps/PvSZGKhsnev4yJGB8";"nightlife";8.66361350784371;50.1096934425996
NA;0;"nightlife";"Orange Peel";"https://de-de.facebook.com/orangepeel.ffm/";NA;"Alternativer Club spielt Swing, Electro und Pop und veranstaltet avantgardistisches Theater und Blueskonzerte";"Alternative club plays swing, electro and pop and hosts avant-garde theater and blues concerts";"https://goo.gl/maps/bPJAs4VMWJCovm1cA";"nightlife";8.67084195378821;50.1088035822444
NA;0;"nightlife";"ADLIB";"https://www.adlib-ffm.de/";NA;"Schicker Nachtclub auf 3 Ebenen mit DJ-Sets, Hip-Hop-Nächten und einer Rooftop-Terrasse mit Stadtblick";"Fancy nightclub on 3 levels with DJ sets, hip-hop nights and a rooftop terrace with city views";"https://g.page/adlib-ffm?share";"nightlife";8.71979062615337;50.1137309377725
"269452007";2307;"seasonal";"Maincafé";"https://maincafe.net/";"https://maincafe.net/";"Bagel, leichte Speisen und Bier auf einer sonnengeschützten Terrasse im Park mit Blick auf den Main";"Bagels, light meals and beer on a sun-protected terrace in the park with a view of the River Main";"https://goo.gl/maps/UWtEvzeMLL8EhWLx7";"seasonal";8.67596739967581;50.1049149000027
"4331402408";2305;"seasonal";"Citybeach Frankfurt";"https://citybeach-frankfurt.de/";"https://www.instagram.com/citybeachfrankfurt/";"Lebhafte Rooftop-Lounge mit Pool, künstlichem Strand und Stadtblick sowie Angebot an Burgern, Fingerfood und Getränken";"Lively rooftop lounge with pool, artificial beach and city views, offering burgers, finger food and drinks";"https://goo.gl/maps/to8VVFQYUReaZmW49";"seasonal";8.68453239985041;50.1137170999642
NA;0;"seasonal";"Yachtklub";"https://yachtklub.de/";"https://www.instagram.com/yachtklub_ffm/";"Tapas und Getränke sowie regelmäßige Livemusik und DJs in einem Bootshaus mit Holzterrasse auf dem Main";"Tapas and drinks, live music and DJs in a boathouse with a wooden terrace on the Main River";"https://g.page/Yachtklub-Frankfurt?share";"seasonal";8.68824346716042;50.1076438927068
NA;0;"seasonal";"Gibson Beach Club";"https://gibson-club.de/beach-club/";"https://www.instagram.com/gibsonclub_beach/";"Beachclub mitten in der Stadt";"Beach club in the middle of the city";"https://goo.gl/maps/XUP2G7fSK5oeexv48";"seasonal";8.67232268322047;50.1147556035163
NA;0;"seasonal";"Orange Beach";"http://www.orangebeach-frankfurt.de/";NA;"Direkt am Mainufer. Nur Barzahlung möglich";"Directly by the Main river, payment only in cash";"https://goo.gl/maps/eShsYK7m3HmeVy5u5";"seasonal";8.63006137916247;50.0900607962682
NA;0;"store";"Rewe";NA;NA;"Supermarkt";"Supermarket";"https://goo.gl/maps/9fwPPMFNT4tKjtcm9";"stores";8.66385583275587;50.1088809289476
NA;11;"store";"Tegut";NA;NA;"Supermarkt";"Supermarket";"https://goo.gl/maps/4WcCVgM66gftKwVBA";"stores";8.6670076829923;50.1082068939053
NA;0;"store";"DM";NA;NA;"Drogerie";"Drugstore";"https://goo.gl/maps/TQWZzLNBuaw8LpWV6";"stores";8.66635790628056;50.1076480859332
NA;0;"store";"Rossmann";NA;NA;"Drogerie";"Drugstore";"https://goo.gl/maps/ostoZtbj5FmFBCMj7";"stores";8.66779174689114;50.108414822453
NA;0;"store";"Rewe to go";NA;NA;"Supermarkt, Sonntags geöffnet";"Supermarket, open on Sundays";"https://goo.gl/maps/FqyJdAs86kEGUaB4A";"stores";8.66922125565698;50.1087570381879
NA;0;"store";"Post Office";NA;NA;"Post-Filiale im Kiosk";"The post office is inside of a kiosk";"https://goo.gl/maps/AMbLF6BG11T4G9RFA";"stores";8.66859313816896;50.1082545441975
NA;0;"store";"7 Days";NA;NA;"Geschäft für Lebensmittel aus Indien und Bangladesh";"Shop for food from India and Bangladesh";"https://goo.gl/maps/dHd95i2G8u1DqCd8A";"stores";8.66867819855279;50.106260684759
NA;0;"activity";"Pintoyo Kreativwerkstatt";"http://www.pintoyo.de/";NA;"Das Pintoyo ist eine Kreativwerkstatt rund um das Thema Keramik, in der ihr auch selber kreativ werden könnt";"The Pintoyo is a creative workshop on the subject of ceramics, where you can also get creative yourself";"https://g.page/Pintoyo?share";"activities";8.70735483486789;50.1287756019523
NA;0;"activity";"Palmengarten";"https://www.palmengarten.de/";NA;"Weitläufiger, botanischer Garten aus dem 19. Jahrhundert mit Palmen- & Orchideenausstellung in Gewächshäusern";"Extensive 19th century botanical garden with palm & orchid exhibition in greenhouses";"https://goo.gl/maps/pjUuSeH7KY9sT5e36";"activities";8.65599495558778;50.1228647149899
NA;0;"activity";"Flea Market Frankfurt";"https://www.hfm-frankfurt.de/flohmaerkte";NA;"Jeden zweiten Samstag zwischen 9:00 und 14:00 Uhr lädt der Frankfurter Flohmarkt zur „Schnäppchenjagd“ an den Schaumainkai ein";"Every second Saturday between 9:00 a.m. and 2:00 p.m., the Frankfurt flea market invites you to \" hunt for bargains\" at Schaumainkai";"https://goo.gl/maps/G7fp25DMAH5WuXkZ8";"activities";8.67856143321334;50.1059360826308
NA;0;"activity";"WoodCutter Urban Axe Throwing";"https://woodcutter.de/";NA;"Dem Stress der Stadt entfliehen und einfach mal ein paar Äxte werfen";"Escape the stress of the city and experience the thrill of throwing axes at wooden targets whilst enjoying a drink with your friends";"https://goo.gl/maps/Kc5aB8ywAR5av9357";"activities";8.68569138131373;50.1136785587224
NA;0;"activity";"MAIN TOWER";"https://www.maintower.de/";NA;"Frankfurts höchster Aussichtspunkt, Eintritt kostet um die 6€";"Frankfurt's highest lookout point, entrance costs around 6€";"https://goo.gl/maps/YHwECTXBWjTGobNp7";"activities";8.67227010374449;50.1124567932716
NA;0;"activity";"Frankfurt on Foot Walking Tours";"http://www.frankfurtonfoot.com/";NA;"Stadtrundgänge auf Englisch";"Walking tours in English";"https://g.page/frankfurt-on-foot-walking-tours?share";"activities";8.68216962328107;50.1107837803396
NA;0;"activity";"Free Alternative Walking Tour";"http://alternative-walking-tour.com/";NA;"Kostenlose öffentliche Stadtrundgänge in Englisch und Spanisch";"Free public walking tours in English and Spanish";"https://g.page/Frankfurt-Free-Tour?share";"activities";8.68207624333324;50.1100723140704
NA;0;"activity";"Paulskirche";"https://frankfurt.de/frankfurt-entdecken-und-erleben/sehenswuerdigkeiten/fuer-historisch-interessierte/paulskirche";NA;"Backsteinkirche, Denkmal zum Beginn der deutschen Demokratie, heute finden hier Konzerte, Ausstellungen statt";"Brick church, monument to the beginning of German democracy";"https://goo.gl/maps/YmsmkRhsJNNLPbMj7";"activities";8.68078476530469;50.1110983818305
NA;0;"activity";"Ebbelwei-Express";"https://www.ebbelwei-express.de/";NA;"Frankfurter Straßenbahn-Sigthseeing mit Apfelwein. Fahrkarten können in der Straßenbahn gekauft werden (8€)";"Frankfurt tram sigthseeing with Apfelwein. Tickets (8€) can be purchased on the tram";"https://goo.gl/maps/E5V1G1KK2sHU85AQ7";"activities";8.66638306007306;50.1069344172122
NA;0;"activity";"Schwarzlichthelden Minigolf";"https://www.schwarzlichthelden.de/";NA;"Indoor Minigolf-Anlage mit Schwarzlicht und Graffiti";"Indoor minigolf course with black light and graffiti";"https://goo.gl/maps/ayJsqkQBGbqBDoWSA";"activities";8.70289400249873;50.1235358598512
NA;0;"activity";"Room Fox Escape Room";"http://www.room-fox.de/";NA;"Filmreife Abenteuer in vier verschiedenen Escape-Rooms";"Cinematic adventures in four different Escape Rooms";"https://goo.gl/maps/7Q2BAjXJmBQRSEWC6";"activities";8.66872296014011;50.1066340709997
NA;0;"activity";"The Great Escape Frankfurt";"http://www.escapefrankfurt.de/";NA;"Spannende Rätsel und bahnbrechende Technik im Escape Room für kleine und große Gruppen";"Exciting puzzles and groundbreaking technology in the Escape Room for small and large groups";"https://g.page/The-Great-Escape-Frankfurt?share";"activities";8.74485070516214;50.1238418472643
NA;0;"activity";"Secret Escape Game";"http://secretescapegame.com/";NA;"Detektiv- und Exit-Spielräume mit Rätselspaß und Abenteuer im Herzen von Frankfurt";"Detective and exit game rooms with puzzle fun and adventure in the heart of Frankfurt";"https://goo.gl/maps/6HBuQPrvR7vWJQsX8";"activities";8.67760442118446;50.1118542816331
NA;0;"activity";"Rebstock Bowling";"https://www.rebstock-bowling.de/";NA;"Bowlinganlage am Rebstockpark";"Bowling alley at Rebstockpark";"https://goo.gl/maps/wAgLDSzCfU2Kcuc98";"activities";8.60919038062084;50.1072375235101
NA;0;"activity";"Bowling World Frankfurt";"https://frankfurt.bowlingworld.de/";NA;"Unterhaltungszentrum mit Bowlingbahnen, Billardtischen & Sportbar mit Fernsehern";"Entertainment center with bowling alleys, pool tables & sports bar with TVs";"https://goo.gl/maps/5tS2WyQS5o4jXSjy6";"activities";8.66223584565725;50.1641928303039
NA;0;"activity";"Eissporthalle Frankfurt";"https://www.eissporthalle-ffm.de/";NA;"Winterlicher Spaß für die ganze Familie in der großen Eissport- und Eishockeyhalle mit Curlingbahn";"Winter fun for the whole family in the large ice sports and ice hockey hall with curling rink";"https://goo.gl/maps/C5emdpDt31jHehLL6";"activities";8.7227879946647;50.1254392427361
NA;0;"activity";"LaserTag Frankfurt-Ost";"https://www.lasertag-frankfurt.de/";NA;"Lasertag-Halle im Frankfurter Osten";"Laser tag hall in the East of Frankfurt";"https://g.page/LaserTag-Frankfurt?share";"activities";8.71044739083439;50.1151643032672
NA;0;"activity";"Primus Line River Cruise";"https://www.primus-linie.de/";NA;"Bootstouren auf dem Main mit fünf Anlegeplätzen. Die Schiffe liegen am Anleger Eiserner Steg (Mainkai) auf der rechten Mainseite (Römer Seite)";"Boat tours on the Main River with five berths. The boats are moored at the Eiserner Steg (Mainkai) pier on the right side of the Main (Römer side)";"https://goo.gl/maps/sThuLVj8rewWcXmJ6";"activities";8.68206726983285;50.108923143476
NA;0;"activity";"Hop on - Hop off Frankfurt Bus Tour";"https://www.frankfurt-sightseeing.com/de";NA;"Stadtrundfahrt durch Frankfurt in Panorama-Doppeldeckerbussen. Nächster Einstieg am Hauptbahnhof";"City tour of Frankfurt in panoramic double-decker buses. Nearest access at the main station";"https://goo.gl/maps/95xoTDqhbY1h6ZVH8";"activities";8.66464435062043;50.1065372533448
NA;0;"parking";"Hauptbahnhof Tiefgarage";NA;NA;NA;NA;"https://goo.gl/maps/ns6jpDWeonBhnmFh8";"parking";8.66177277467523;50.1078045153373
NA;0;"parking";"Holiday Inn";NA;NA;NA;NA;"https://goo.gl/maps/PAXiFDauD5tH7Rdf8";"parking";8.66562364277473;50.11092298583
NA;0;"parking";"Westend";NA;NA;NA;NA;"https://goo.gl/maps/erb1rVSugL4nS6nK6";"parking";8.66191423417954;50.1108968923599
NA;0;"parking";"Am Theater";NA;NA;NA;NA;"https://goo.gl/maps/sjcSX5NekMqFU9vH6";"parking";8.67354096476836;50.1072163032018
NA;0;"misc";"Universitätsklinikum";"https://www.kgu.de/";NA;"Frankfurts größtes Krankenhaus";"Frankfurt's largest hospital";"https://goo.gl/maps/dtpmVBptJgWLerfe6";"miscellaneous";8.66069850013471;50.0948548015645
NA;0;"misc";"Ärztehaus";"http://www.mainfacharzt.de/";NA;"Facharztpraxis";"Specialised medical practice";"https://goo.gl/maps/Yc1nsHkswGYiSE1L6";"miscellaneous";8.67002709395914;50.1089529732123
